qid,qlabel,xgdp_target,xgdp_sim,xgdp_error,lur_target,lur_sim,lur_error,picxfe_target,picxfe_sim,picxfe_error,rff_target,rff_sim,rff_error,rg10_target,rg10_sim,rg10_error,dadd_eco,addf_eco,dadd_lhp,addf_lhp,dadd_picxfe,addf_picxfe,dadd_rff,addf_rff,dadd_rg10p,addf_rg10p
8087,2021Q3,21662.9186875279,21662.2799098481,-0.638777679840132,5.3,5.29926540192225,-0.000734598077752224,3.7,3.70394726874472,0.0039472687447164,0.1,0.099962158203125,-3.78417968749933e-05,1.4,1.39961371303986,-0.000386286960135651,0.0185174653295778,0.0193589357867993,-0.00951343512207175,-0.0100058127273845,-1.006553529908,-0.912802811776176,0.009649658203125,-0.025037841796875,-0.0451032532079932,-0.403395989788162
8088,2021Q4,21939.2059255438,21938.9809959122,-0.224929631636769,4.9,4.89649808662145,-0.00350191337854699,2.2,2.21118175098918,0.0111817509891776,0.1,0.0999200148809524,-7.99851190475959e-05,1.6,1.60017175411738,0.000171754117384904,-0.0155173640461699,-0.0203011313400345,-0.00942934575723754,-0.012697448675266,-2.24912198031402,-1.19292114135545,0.0203962053571424,-0.0250799851190476,0.242676635835796,0.250414639289142
8089,2022Q1,22181.9630306688,22180.3230733274,-1.63995734144555,4.6,4.59636945441194,-0.00363054558805853,2.1,2.1144336049118,0.0144336049118046,0.1,0.10009513608871,9.51360887097019e-05,1.6,1.60170244589298,0.00170244589298019,0.0382237536911693,0.0348264883063669,-0.0162421718121605,-0.0128603649266476,-1.91452857820264,-0.409825286634273,-0.0242597026209673,-0.0249048639112903,-0.77882126574873,-0.118867875999253
8090,2022Q2,22368.1523381139,22365.6392234295,-2.51311468437052,4.4,4.3966077679181,-0.00339223208189576,2.1,2.10983237342548,0.00983237342547794,0.1,0.102593894839493,0.00259389483949342,1.7,1.705189886927,0.00518988692699862,0.0172444739595812,0.0200591325178781,-0.0106573161091151,-0.00949237800108599,-0.2722779627433,-0.307971890404799,-0.517265014190853,-0.517265014190853,-0.521006207236475,0.152296633764968
8091,2022Q3,22517.6322823031,22515.042746953,-2.58953535010005,4.2,4.19726452368818,-0.00273547631181881,2.2,2.21043392967204,0.0104339296720428,0.1,0.108241108849901,0.00824110884990102,1.9,1.90498762294534,0.00498762294534072,-0.0142531661363656,-0.0184754708975693,-0.00426688421644363,-0.00371811076939723,-1.15838614225694,-0.190624396060798,-1.33035692210115,-1.33035692210115,0.740691626223128,0.457239345467807
